<?xml version="1.0"?>
<DBInfo>
 <intermax_repo>
		<db_type>postgres</db_type>
		<conn_ip>10.10.48.173</conn_ip>
		<conn_port>5432</conn_port>
		<sid>intermax</sid>
		<user>intermax</user>
		<password>intermax</password> 
 </intermax_repo>

 <maxgauge_repo>
		<db_type>postgres</db_type>
		<conn_ip>10.20.132.206</conn_ip>
		<conn_port>5430</conn_port>
		<sid>MFO</sid>
		<user>postgres</user>
		<password>intermax</password> 
 </maxgauge_repo>
 
  <import_db>
	  	<db_type>postgres</db_type>
	  	<conn_ip>10.10.47.241</conn_ip>
		<conn_port>5432</conn_port>
		<sid>sh_dev</sid>
		<user>sh_dev</user>
		<password>sh_dev</password>
 </import_db>  
</DBInfo>